{"cameraMode":{"drawMode":0,"name":"Shaded","section":"Shading Mode"},"sceneLighting":true,"audioPlay":false,"sceneViewState":{"m_AlwaysRefresh":false,"showFog":true,"showSkybox":true,"showFlares":true,"showImageEffects":true,"showParticleSystems":true,"showVisualEffectGraphs":true,"m_FxEnabled":true},"in2DMode":false,"pivot":{"x":5.2714924812316898,"y":5.016379356384277,"z":1.7286051511764527},"rotation":{"x":0.2436356544494629,"y":0.09004435688257218,"z":-0.022721977904438974,"w":0.965423047542572},"size":26.146499633789064,"orthographic":true}