{"cameraMode":{"drawMode":0,"name":"Shaded","section":"Shading Mode"},"sceneLighting":true,"audioPlay":false,"sceneViewState":{"m_AlwaysRefresh":false,"showFog":true,"showSkybox":true,"showFlares":true,"showImageEffects":true,"showParticleSystems":true,"showVisualEffectGraphs":true,"m_FxEnabled":true},"in2DMode":false,"pivot":{"x":9.699336051940918,"y":30.99018096923828,"z":9.119022369384766},"rotation":{"x":0.209610715508461,"y":-0.014667225070297718,"z":0.003144049784168601,"w":0.9776759147644043},"size":37.834571838378909,"orthographic":true}